<ImportExportXml xmlns:xsi="http://www.w3.org/2001/XMLSchema-instance">
  <Entities>
    <Entity>
      <Name LocalizedName="Account" OriginalName="">Account</Name>
      <EntityInfo>
        <entity Name="Account" unmodified="1">
          <attributes />
        </entity>
      </EntityInfo>
      <RibbonDiffXml>
        <CustomActions />
        <Templates>
          <RibbonTemplates Id="Mscrm.Templates"></RibbonTemplates>
        </Templates>
        <CommandDefinitions />
        <RuleDefinitions>
          <TabDisplayRules />
          <DisplayRules />
          <EnableRules />
        </RuleDefinitions>
        <LocLabels />
      </RibbonDiffXml>
    </Entity>
    <Entity>
      <Name LocalizedName="Contact" OriginalName="">Contact</Name>
      <EntityInfo>
        <entity Name="Contact" unmodified="1">
          <attributes>
            <attribute PhysicalName="Anniversary" unmodified="1">
              <Type>datetime</Type>
              <Name>anniversary</Name>
              <LogicalName>anniversary</LogicalName>
              <RequiredLevel>none</RequiredLevel>
              <DisplayMask>ValidForAdvancedFind|ValidForForm|ValidForGrid</DisplayMask>
              <ImeMode>inactive</ImeMode>
              <ValidForUpdateApi>1</ValidForUpdateApi>
              <ValidForReadApi>1</ValidForReadApi>
              <ValidForCreateApi>1</ValidForCreateApi>
              <IsCustomField>0</IsCustomField>
              <IsAuditEnabled>1</IsAuditEnabled>
              <IsSecured>0</IsSecured>
              <IntroducedVersion>5.0.0.0</IntroducedVersion>
              <SourceType>0</SourceType>
              <IsGlobalFilterEnabled>0</IsGlobalFilterEnabled>
              <IsSortableEnabled>0</IsSortableEnabled>
              <IsDataSourceSecret>0</IsDataSourceSecret>
              <AutoNumberFormat></AutoNumberFormat>
              <IsSearchable>0</IsSearchable>
              <IsFilterable>0</IsFilterable>
              <IsRetrievable>0</IsRetrievable>
              <IsLocalizable>0</IsLocalizable>
              <Format>date</Format>
              <displaynames>
                <displayname description="Anniversary" languagecode="1033" />
              </displaynames>
              <Descriptions>
                <Description description="Enter the date of the contact's wedding or service anniversary for use in customer gift programs or other communications." languagecode="1033" />
              </Descriptions>
            </attribute>
          </attributes>
        </entity>
      </EntityInfo>
      <FormXml>
        <forms type="main">
          <systemform>
            <formid>{1fed44d1-ae68-4a41-bd2b-f13acac4acfa}</formid>
            <IntroducedVersion>5.0.0.0</IntroducedVersion>
            <FormPresentation>1</FormPresentation>
            <FormActivationState>1</FormActivationState>
            <form showImage="true" headerdensity="HighWithControls">
              <tabs>
                <tab name="SUMMARY_TAB" id="{15bb2d4b-71da-74ea-3c5b-e497d78a55a2}" IsUserDefined="0" showlabel="true" expanded="true" ordinalvalue="0">
                  <columns>
                    <column width="33%" id="0">
                      <sections>
                        <section name="CONTACT_INFORMATION" showlabel="true" showbar="false" id="{9d943649-0387-1882-caa1-36de40d5a86c}" IsUserDefined="0" layout="varwidth" columns="1" labelwidth="115" celllabelposition="Left" ordinalvalue="0">
                          <rows>
                            <row>
                              <cell id="{07326cde-7529-ddc0-e421-c0bcddd07b8a}" showlabel="true" ordinalvalue="10002" solutionaction="Modified" />
                            </row>
                            <row>
                              <cell id="{a54c19c9-4722-ce25-60c5-2bb9452680d2}" showlabel="true" locklevel="0" ordinalvalue="10003" solutionaction="Modified" />
                            </row>
                            <row>
                              <cell id="{7d538a97-98eb-b438-72de-57a808b9a308}" showlabel="true" ordinalvalue="10004" solutionaction="Modified" />
                            </row>
                            <row>
                              <cell id="{41602ce5-0a39-7d95-3a30-c53a3752d285}" showlabel="true" locklevel="0" visible="false" ordinalvalue="10005" solutionaction="Modified" />
                            </row>
                            <row>
                              <cell id="{215da2d0-2b64-3481-8d2d-16107d4d7e5b}" showlabel="true" ordinalvalue="10006" solutionaction="Modified" />
                            </row>
                            <row>
                              <cell id="{164a30ae-5671-9a69-edc4-c8ab1a932612}" showlabel="true" locklevel="0" visible="false" ordinalvalue="10007" solutionaction="Modified" />
                            </row>
                            <row>
                              <cell id="{290b48ba-c0cc-7746-6dda-93e240e4cc78}" showlabel="true" ordinalvalue="10008" solutionaction="Modified" />
                            </row>
                            <row>
                              <cell id="{0b968aaa-6de1-3b71-aae3-812dd49e3252}" showlabel="true" locklevel="0" visible="false" ordinalvalue="10009" solutionaction="Modified" />
                            </row>
                            <row>
                              <cell id="{1b54cdb3-1582-c29e-cc9e-9d4bc2a5700b}" showlabel="true" ordinalvalue="10010" solutionaction="Modified" />
                            </row>
                            <row>
                              <cell id="{408dda0b-48a7-c05c-e29a-56a93eb97172}" showlabel="true" ordinalvalue="10011" solutionaction="Modified" />
                            </row>
                            <row>
                              <cell id="{133d09d6-c374-954a-315b-435e1eeb722c}" showlabel="true" locklevel="0" ordinalvalue="10012" solutionaction="Modified" />
                            </row>
                            <row>
                              <cell id="{8958c184-aa9e-4b70-931c-025f09eb4f9c}" locklevel="0" colspan="1" rowspan="1" ordinalvalue="10001" solutionaction="Added">
                                <labels>
                                  <label description="Not at Company Flag" languagecode="1033" />
                                </labels>
                                <control id="msdyn_orgchangestatus" classid="{3EF39988-22BB-4F0B-BBBE-64B5A3748AEE}" datafieldname="msdyn_orgchangestatus" disabled="false" />
                              </cell>
                            </row>
                          </rows>
                        </section>
                        <section name="SUMMARY_TAB_ADDRESSINPUT_SECTION" showlabel="true" showbar="false" visible="false" locklevel="0" id="{8b406cb5-a885-9b5e-ad30-ab6e8707dc79}" IsUserDefined="0" layout="varwidth" columns="1" labelwidth="115" celllabelalignment="Left" celllabelposition="Left" ordinalvalue="1">
                          <rows>
                            <row>
                              <cell id="{8d620975-a139-ea39-6ec1-0ac992833800}" showlabel="false" locklevel="0" ordinalvalue="10000">
                                <labels>
                                  <label description="Address 1: Street 1" languagecode="1033" solutionaction="Modified" />
                                </labels>
                              </cell>
                            </row>
                          </rows>
                        </section>
                        <section name="BusinessCard" showlabel="true" locklevel="0" id="{d6928560-988d-56e4-55b6-99aa3c898561}" IsUserDefined="0" layout="varwidth" columns="1" labelwidth="115" celllabelalignment="Left" celllabelposition="Left" visible="false" ordinalvalue="3">
                          <rows>
                            <row>
                              <cell id="{4acc2393-dcac-6588-9258-3d228b26430a}" showlabel="false" locklevel="0" ordinalvalue="10000">
                                <labels>
                                  <label description="Business Card" languagecode="1033" solutionaction="Modified" />
                                </labels>
                              </cell>
                            </row>
                          </rows>
                        </section>
                      </sections>
                    </column>
                    <column width="25%" id="2">
                      <sections>
                        <section name="CUSTOMER_DETAILS_TAB" showlabel="false" showbar="false" id="{0ed6b616-7ef0-4ffe-9a77-610beef03f9c}" IsUserDefined="0" layout="varwidth" columns="1" labelwidth="115" celllabelposition="Top" ordinalvalue="3">
                          <rows>
                            <row>
                              <cell id="{309AA48F-B748-4C9E-A0A8-F8A93BE633E5}" colspan="1" showlabel="false" ordinalvalue="10001">
                                <labels>
                                  <label description="Company Name" languagecode="1033" solutionaction="Modified" />
                                </labels>
                              </cell>
                            </row>
                          </rows>
                        </section>
                      </sections>
                    </column>
                  </columns>
                </tab>
                <tab name="DETAILS_TAB" id="{fe1c5c3b-d556-4552-a444-4781214a6d63}" IsUserDefined="0" expanded="true" showlabel="true" ordinalvalue="1">
                  <columns>
                    <column width="34%" id="0">
                      <sections>
                        <section name="PERSONAL INFORMATION" showlabel="true" showbar="false" id="{0F64B9A3-01F2-4411-B0B5-6C6C39D7B011}" IsUserDefined="0" columns="1" labelwidth="115" celllabelposition="Left" ordinalvalue="0">
                          <rows>
                            <row>
                              <cell id="{cb391eb8-02ec-0ee6-9d92-6996d4311809}" showlabel="true" ordinalvalue="10000">
                                <labels>
                                  <label description="Gender" languagecode="1033" solutionaction="Modified" />
                                </labels>
                              </cell>
                            </row>
                            <row>
                              <cell id="{2d8cee50-7123-01e7-c2cc-0068c0ecc4c0}" showlabel="true" ordinalvalue="10001">
                                <labels>
                                  <label description="Marital Status" languagecode="1033" solutionaction="Modified" />
                                </labels>
                              </cell>
                            </row>
                            <row>
                              <cell id="{450c5a59-c7de-1289-0934-9a04bc4e1c72}" showlabel="true" ordinalvalue="10002">
                                <labels>
                                  <label description="Spouse/Partner Name" languagecode="1033" solutionaction="Modified" />
                                </labels>
                              </cell>
                            </row>
                            <row>
                              <cell id="{bac50a31-27a0-c7e2-3ab3-5d6aa8895c6e}" showlabel="true" ordinalvalue="10003">
                                <labels>
                                  <label description="Birthday" languagecode="1033" solutionaction="Modified" />
                                </labels>
                              </cell>
                            </row>
                            <row>
                              <cell id="{ba714204-2499-db47-78e0-d8795307301d}" showlabel="true" ordinalvalue="10004">
                                <labels>
                                  <label description="Anniversary" languagecode="1033" solutionaction="Modified" />
                                </labels>
                              </cell>
                            </row>
                          </rows>
                        </section>
                        <section name="PERSONAL_NOTES_SECTION" showlabel="true" showbar="false" locklevel="0" id="{9435d60e-c5ac-2462-a159-414573dc2e45}" IsUserDefined="0" layout="varwidth" columns="1" labelwidth="115" celllabelalignment="Left" celllabelposition="Top" ordinalvalue="1">
                          <rows>
                            <row>
                              <cell id="{d0c6aad7-7064-924e-b0e0-718dc557ccee}" showlabel="false" locklevel="0" rowspan="5" ordinalvalue="10000">
                                <labels>
                                  <label description="Description" languagecode="1033" solutionaction="Modified" />
                                </labels>
                              </cell>
                            </row>
                          </rows>
                        </section>
                      </sections>
                    </column>
                    <column width="33%" id="1">
                      <sections>
                        <section name="marketing information" showlabel="true" showbar="false" locklevel="0" id="{a188d8ee-35d1-4f22-acf7-9588059a3f08}" IsUserDefined="0" layout="varheight" columns="1" labelwidth="115" celllabelposition="Left" ordinalvalue="0">
                          <rows>
                            <row>
                              <cell id="{aa4adcc8-47a8-4e93-865c-72d2c903c96e}" ordinalvalue="10000">
                                <labels>
                                  <label description="Originating Lead" languagecode="1033" solutionaction="Modified" />
                                </labels>
                              </cell>
                            </row>
                          </rows>
                        </section>
                      </sections>
                    </column>
                    <column width="33%" id="2">
                      <sections>
                        <section name="billing information" showlabel="true" showbar="false" id="{4565ac06-d780-4467-9baa-d03d6af45ae7}" IsUserDefined="0" columns="1" labelwidth="115" celllabelposition="Left" ordinalvalue="0">
                          <rows>
                            <row>
                              <cell id="{4e7b2783-1a45-4a13-bfd6-e12915e74161}" ordinalvalue="10000">
                                <labels>
                                  <label description="Currency" languagecode="1033" solutionaction="Modified" />
                                </labels>
                              </cell>
                            </row>
                            <row>
                              <cell id="{6b03860a-a677-48f1-bfdc-a04faf8b151c}" ordinalvalue="10001">
                                <labels>
                                  <label description="Credit Limit" languagecode="1033" solutionaction="Modified" />
                                </labels>
                              </cell>
                            </row>
                            <row>
                              <cell id="{64e56163-0a77-46c9-9872-50b94d661d96}" ordinalvalue="10002">
                                <labels>
                                  <label description="Credit Hold" languagecode="1033" solutionaction="Modified" />
                                </labels>
                              </cell>
                            </row>
                            <row>
                              <cell id="{9980090e-c75b-4bc9-834f-63ba6e3a93f2}" ordinalvalue="10003">
                                <labels>
                                  <label description="Payment Terms" languagecode="1033" solutionaction="Modified" />
                                </labels>
                              </cell>
                            </row>
                          </rows>
                        </section>
                      </sections>
                    </column>
                  </columns>
                </tab>
                <tab name="linkedin_v2_tab" id="{a177d66d-0113-69a0-bac8-1dc0e71da6bd}" IsUserDefined="0" locklevel="0" showlabel="true" expanded="true" availableforphone="false" visible="false" ordinalvalue="3">
                  <columns>
                    <column width="33%" id="2">
                      <sections>
                        <section name="linkedin_v2_tab_section_3" showlabel="true" showbar="false" locklevel="0" id="{74061834-dded-343c-581a-557059c8284a}" IsUserDefined="0" layout="varwidth" columns="1" labelwidth="115" celllabelalignment="Left" celllabelposition="Left" ordinalvalue="0">
                          <rows>
                            <row>
                              <cell id="{7b47d236-6471-2de3-2293-e69c86682c36}" showlabel="false" locklevel="0" ordinalvalue="10000">
                                <labels>
                                  <label description="Last Name" languagecode="1033" solutionaction="Modified" />
                                </labels>
                              </cell>
                            </row>
                          </rows>
                        </section>
                      </sections>
                    </column>
                  </columns>
                </tab>
              </tabs>
              <header id="{3ff9aa06-4e43-41ce-afa9-22a038af5c19}" celllabelposition="Top" columns="1" labelwidth="115">
                <rows>
                  <row>
                    <cell id="{24be01cc-16a6-8eea-8916-42d20a1097ae}" showlabel="true" locklevel="1" ordinalvalue="10000">
                      <labels>
                        <label description="Owner" languagecode="1033" solutionaction="Modified" />
                      </labels>
                    </cell>
                  </row>
                </rows>
              </header>
              <footer id="{b34fac09-9f83-4434-854f-3884bdeb281e}" celllabelposition="Top" columns="111" labelwidth="115" celllabelalignment="Left" solutionaction="Added">
                <rows></rows>
              </footer>
            </form>
            <LocalizedNames>
              <LocalizedName description="Contact" languagecode="1033" />
            </LocalizedNames>
            <Descriptions>
              <Description description="Updated default Contact form." languagecode="1033" />
            </Descriptions>
          </systemform>
        </forms>
      </FormXml>
      <RibbonDiffXml>
        <CustomActions />
        <Templates>
          <RibbonTemplates Id="Mscrm.Templates"></RibbonTemplates>
        </Templates>
        <CommandDefinitions />
        <RuleDefinitions>
          <TabDisplayRules />
          <DisplayRules />
          <EnableRules />
        </RuleDefinitions>
        <LocLabels />
      </RibbonDiffXml>
    </Entity>
  </Entities>
  <Roles></Roles>
  <Workflows></Workflows>
  <FieldSecurityProfiles></FieldSecurityProfiles>
  <Templates />
  <EntityMaps />
  <EntityRelationships />
  <OrganizationSettings />
  <optionsets />
  <CustomControls />
  <EntityDataProviders />
  <CanvasApps>
    <CanvasApp>
      <Name>con_testapp_47648</Name>
      <AppVersion>2022-04-11T17:42:24Z</AppVersion>
      <Status>Ready</Status>
      <CreatedByClientVersion>3.22022.31.0</CreatedByClientVersion>
      <MinClientVersion>3.22022.31.0</MinClientVersion>
      <Tags>{"primaryDeviceWidth":"1366","primaryDeviceHeight":"768","sienaVersion":"e97fe566-1bd3-4319-9d03-17755becf5e4","deviceCapabilities":"","supportsPortrait":"true","supportsLandscape":"true","primaryFormFactor":"Tablet","publisherVersion":"3.22022.31","minimumRequiredApiVersion":"2.2.0","hasComponent":"false","hasUnlockedComponent":"false","isUnifiedRootApp":"false"}</Tags>
      <IsCdsUpgraded>0</IsCdsUpgraded>
      <GalleryItemId xsi:nil="true"></GalleryItemId>
      <BackgroundColor>RGBA(0,176,240,1)</BackgroundColor>
      <DisplayName>test_app</DisplayName>
      <Description xsi:nil="true"></Description>
      <CommitMessage xsi:nil="true"></CommitMessage>
      <Publisher xsi:nil="true"></Publisher>
      <AuthorizationReferences>[]</AuthorizationReferences>
      <ConnectionReferences>{}</ConnectionReferences>
      <DatabaseReferences>{"default.cds":{"databaseDetails":{"referenceType":"NotSpecified","environmentName":"default.cds","overrideValues":{"status":"NotSpecified"}},"dataSources":{"Contacts":{"entitySetName":"contacts","logicalName":"contact"}}}}</DatabaseReferences>
      <AppComponents>[]</AppComponents>
      <AppComponentDependencies>[]</AppComponentDependencies>
      <CanConsumeAppPass>1</CanConsumeAppPass>
      <CanvasAppType>0</CanvasAppType>
      <BypassConsent>0</BypassConsent>
      <AdminControlBypassConsent>0</AdminControlBypassConsent>
      <EmbeddedApp xsi:nil="true"></EmbeddedApp>
      <IntroducedVersion>1.0</IntroducedVersion>
      <CdsDependencies>{"cdsdependencies":[{"logicalname":"contact","componenttype":1}]}</CdsDependencies>
      <IsCustomizable>1</IsCustomizable>
      <BackgroundImageUri>/CanvasApps/con_testapp_47648_BackgroundImageUri</BackgroundImageUri>
      <DocumentUri>/CanvasApps/con_testapp_47648_DocumentUri.msapp</DocumentUri>
    </CanvasApp>
  </CanvasApps>
  <connectionreferences>
    <connectionreference connectionreferencelogicalname="msdyn_Dataverse"></connectionreference>
  </connectionreferences>
  <Languages>
    <Language>1033</Language>
  </Languages>
</ImportExportXml>